split,model,accuracy,log_loss
holdout,ensemble,0.8395522388059702,0.3792701862405678
holdout,logistic,0.8283582089552238,0.5350496469580942
holdout,rf,0.8283582089552238,0.3704622265712872
validation,ensemble,0.7761194029850746,0.45857210723650993
validation,logistic,0.7910447761194029,0.4202088874783561
validation,rf,0.75,0.45522396614794336
