,logistic,rf
logistic,1.0,0.9334889918876336
rf,0.9334889918876336,1.0
